experimento,orden,estructura,N,median_ms,mean_ms,stdev_ms,min_ms,max_ms
busqueda_con_build,desordenados,Lista nativa,5000,86.6761,87.1402,1.4634,85.5356,90.6052
busqueda_con_build,desordenados,Lista nativa,6000,132.5640,133.1820,5.6258,127.4774,155.0936
busqueda_con_build,desordenados,Lista nativa,7000,162.2337,163.8643,3.6330,159.6175,173.2438
busqueda_con_build,desordenados,Lista nativa,8000,188.6249,190.0641,3.5785,185.3268,197.5708
busqueda_con_build,desordenados,Lista nativa,9000,212.2689,213.7359,6.0909,208.7627,242.3770
busqueda_con_build,desordenados,Lista nativa,10000,238.2586,238.2016,3.9745,230.6180,244.9314
busqueda_con_build,desordenados,Lista nativa,11000,272.5221,279.2355,17.6587,264.2676,325.7920
busqueda_con_build,desordenados,Lista nativa,12000,279.9951,279.8594,4.4084,271.9549,289.3008
busqueda_con_build,desordenados,Lista nativa,13000,343.6676,344.1604,4.7048,334.7858,355.9254
busqueda_con_build,desordenados,Lista nativa,14000,359.9014,364.4170,15.0517,352.7095,436.6537
busqueda_con_build,desordenados,Lista nativa,15000,393.6849,396.3585,14.4228,380.8810,467.8992
busqueda_con_build,desordenados,Lista nativa,16000,407.9646,411.0896,15.4062,398.1026,486.7024
busqueda_con_build,desordenados,Lista nativa,17000,460.5409,472.6343,40.2563,444.6419,647.3565
busqueda_con_build,desordenados,Lista nativa,18000,472.8010,484.4003,45.6374,457.0447,663.1970
busqueda_con_build,desordenados,Lista nativa,19000,510.4013,523.2224,47.3738,496.2458,711.2961
busqueda_con_build,desordenados,Lista nativa,20000,532.5430,603.2806,186.2445,512.3959,1264.9620
busqueda_con_build,desordenados,ABB,5000,6.7618,7.2749,1.7188,6.6604,15.8663
busqueda_con_build,desordenados,ABB,6000,9.2134,10.0597,2.8277,7.7426,18.9906
busqueda_con_build,desordenados,ABB,7000,9.3189,9.8947,2.0403,9.0194,20.3103
busqueda_con_build,desordenados,ABB,8000,10.9019,11.6374,2.5723,10.3923,21.3172
busqueda_con_build,desordenados,ABB,9000,11.9888,13.0624,3.2879,11.5194,25.0353
busqueda_con_build,desordenados,ABB,10000,13.5603,14.5917,3.0326,13.2153,26.3523
busqueda_con_build,desordenados,ABB,11000,15.5964,15.9980,2.2469,14.7282,27.2893
busqueda_con_build,desordenados,ABB,12000,17.8847,19.1674,4.0556,15.8637,34.6431
busqueda_con_build,desordenados,ABB,13000,18.9676,19.5830,2.6303,18.3868,32.9180
busqueda_con_build,desordenados,ABB,14000,22.0271,23.0652,3.6500,20.3076,35.6902
busqueda_con_build,desordenados,ABB,15000,23.2082,24.5592,4.4037,21.8823,39.7878
busqueda_con_build,desordenados,ABB,16000,25.2788,26.5172,4.5475,24.0016,43.2612
busqueda_con_build,desordenados,ABB,17000,27.8707,29.2691,4.8697,25.8127,44.1395
busqueda_con_build,desordenados,ABB,18000,28.4314,30.1138,5.6166,26.2918,47.2026
busqueda_con_build,desordenados,ABB,19000,32.5254,34.5918,5.6581,30.8747,52.0300
busqueda_con_build,desordenados,ABB,20000,31.4376,32.8362,4.6357,29.6923,49.8008
busqueda_con_build,desordenados,B+,5000,7.9175,8.0126,0.2943,7.6963,8.9184
busqueda_con_build,desordenados,B+,6000,11.4368,12.0812,2.6867,9.8540,21.4716
busqueda_con_build,desordenados,B+,7000,11.4903,11.9817,1.8063,10.8335,20.8666
busqueda_con_build,desordenados,B+,8000,14.0609,14.6635,2.2535,12.6985,23.9414
busqueda_con_build,desordenados,B+,9000,14.9856,15.6014,2.3830,14.1285,27.6989
busqueda_con_build,desordenados,B+,10000,16.9391,17.4187,2.1307,16.2474,28.0876
busqueda_con_build,desordenados,B+,11000,18.9357,19.7794,3.1655,17.7380,31.0038
busqueda_con_build,desordenados,B+,12000,21.4514,22.2070,2.6707,19.6249,33.9434
busqueda_con_build,desordenados,B+,13000,24.7583,25.4653,3.3743,22.7106,37.5224
busqueda_con_build,desordenados,B+,14000,27.2355,27.8522,3.1849,25.0838,39.5048
busqueda_con_build,desordenados,B+,15000,29.4374,30.4257,3.8624,27.0977,44.1701
busqueda_con_build,desordenados,B+,16000,31.1734,32.2475,3.8802,29.0825,46.5262
busqueda_con_build,desordenados,B+,17000,32.8041,34.0508,4.0057,30.8587,48.4590
busqueda_con_build,desordenados,B+,18000,36.0084,36.9033,3.8037,33.6344,50.2488
busqueda_con_build,desordenados,B+,19000,39.0590,40.3873,5.8404,35.2632,61.3102
busqueda_con_build,desordenados,B+,20000,41.7348,42.7670,4.9639,37.4643,56.2749
busqueda_con_build,ordenados,Lista nativa,5000,80.6645,80.5206,0.9314,78.5441,82.3170
busqueda_con_build,ordenados,Lista nativa,6000,93.4414,93.1696,2.0881,90.3901,98.9519
busqueda_con_build,ordenados,Lista nativa,7000,116.1131,116.2607,2.5775,112.2265,127.7670
busqueda_con_build,ordenados,Lista nativa,8000,129.0437,128.5886,1.8340,125.7621,132.4916
busqueda_con_build,ordenados,Lista nativa,9000,147.5683,150.7667,8.8695,143.9833,180.4018
busqueda_con_build,ordenados,Lista nativa,10000,167.7579,172.0469,11.2000,162.0344,201.9819
busqueda_con_build,ordenados,Lista nativa,11000,181.0738,181.4148,2.0938,178.1361,185.7206
busqueda_con_build,ordenados,Lista nativa,12000,201.5303,201.7234,3.2742,196.8022,209.3548
busqueda_con_build,ordenados,Lista nativa,13000,230.4284,230.8571,3.2986,225.1825,237.1624
busqueda_con_build,ordenados,Lista nativa,14000,258.0414,259.2119,5.3777,253.8310,284.5933
busqueda_con_build,ordenados,Lista nativa,15000,257.1319,257.0443,2.9674,250.7848,262.1298
busqueda_con_build,ordenados,Lista nativa,16000,293.7719,299.8171,18.7309,285.3722,354.5616
busqueda_con_build,ordenados,Lista nativa,17000,302.5200,303.4641,7.5197,294.5147,334.2093
busqueda_con_build,ordenados,Lista nativa,18000,330.8825,337.2753,25.5939,319.4105,428.7723
busqueda_con_build,ordenados,Lista nativa,19000,344.1613,352.7891,24.6380,336.2107,417.3611
busqueda_con_build,ordenados,Lista nativa,20000,378.6890,379.7114,5.9214,369.1721,391.4295
busqueda_con_build,ordenados,ABB,5000,2016.8389,2022.4155,19.6804,1995.4926,2077.7453
busqueda_con_build,ordenados,ABB,6000,2828.3343,2834.3105,36.2013,2791.9799,2941.4716
busqueda_con_build,ordenados,ABB,7000,3850.7654,3857.6757,49.4180,3802.4530,4000.8305
busqueda_con_build,ordenados,ABB,8000,4911.8205,4938.9188,91.0565,4832.2620,5286.9897
busqueda_con_build,ordenados,ABB,9000,6115.6567,6145.4061,84.5388,6051.7211,6425.4134
busqueda_con_build,ordenados,ABB,10000,7601.0340,7637.3226,161.7773,7533.1944,8424.9401
busqueda_con_build,ordenados,ABB,11000,9069.3639,9116.3702,218.7669,8985.4104,10113.6742
busqueda_con_build,ordenados,ABB,12000,11612.0782,11381.8067,445.3597,10678.8107,12030.7364
busqueda_con_build,ordenados,ABB,13000,13676.1252,13703.5051,138.5948,13516.7906,14333.2003
busqueda_con_build,ordenados,ABB,14000,15319.4918,15467.0704,314.0956,15066.0665,15989.2791
busqueda_con_build,ordenados,ABB,15000,17619.1970,17599.4341,221.3359,17255.1869,18394.7361
busqueda_con_build,ordenados,ABB,16000,20370.9915,20370.3248,149.4225,20093.2774,20989.7677
busqueda_con_build,ordenados,ABB,17000,22893.0156,22914.3139,155.1643,22713.1744,23562.6377
busqueda_con_build,ordenados,ABB,18000,26014.3442,26013.7474,198.6486,25737.5200,26833.3649
busqueda_con_build,ordenados,ABB,19000,28001.2929,28158.4599,371.7247,27722.1174,28910.3689
busqueda_con_build,ordenados,ABB,20000,31858.7074,31878.0430,231.2491,31591.9739,32898.2215
busqueda_con_build,ordenados,B+,5000,9.6635,10.4235,2.3760,9.3400,19.3044
busqueda_con_build,ordenados,B+,6000,11.8430,12.5647,2.7680,11.3993,22.7625
busqueda_con_build,ordenados,B+,7000,13.8217,14.7409,2.5963,13.4343,24.0546
busqueda_con_build,ordenados,B+,8000,15.7019,17.1155,3.6555,15.1231,28.0623
busqueda_con_build,ordenados,B+,9000,18.2699,19.4801,3.8372,17.4680,31.1985
busqueda_con_build,ordenados,B+,10000,20.7769,22.2520,4.0594,19.5722,32.8851
busqueda_con_build,ordenados,B+,11000,23.6819,25.4577,4.4580,20.9888,36.8043
busqueda_con_build,ordenados,B+,12000,26.4847,28.1806,4.5188,25.3702,40.3844
busqueda_con_build,ordenados,B+,13000,28.8196,30.5989,4.5166,27.7932,42.2565
busqueda_con_build,ordenados,B+,14000,31.7627,33.3808,5.1691,29.9643,47.2412
busqueda_con_build,ordenados,B+,15000,34.2165,36.4971,5.6047,32.2407,50.5470
busqueda_con_build,ordenados,B+,16000,37.2417,39.4926,5.7713,34.9188,53.2152
busqueda_con_build,ordenados,B+,17000,39.4038,41.7411,5.9241,38.0376,55.8488
busqueda_con_build,ordenados,B+,18000,45.7810,48.9714,7.7467,40.5419,70.7536
busqueda_con_build,ordenados,B+,19000,44.5140,47.1082,5.6424,42.2258,59.0214
busqueda_con_build,ordenados,B+,20000,47.6957,50.7177,6.9703,45.8261,64.8756
busqueda_sin_build,desordenados,Lista nativa,5000,86.8755,87.0098,1.5159,85.1364,90.7032
busqueda_sin_build,desordenados,Lista nativa,6000,131.4166,132.2087,3.2851,127.7994,142.3974
busqueda_sin_build,desordenados,Lista nativa,7000,167.2379,166.8432,2.0145,162.8399,171.5710
busqueda_sin_build,desordenados,Lista nativa,8000,192.4752,192.2692,2.8586,186.2277,196.9585
busqueda_sin_build,desordenados,Lista nativa,9000,215.8035,222.2998,17.4617,210.3314,281.8650
busqueda_sin_build,desordenados,Lista nativa,10000,241.8636,246.5616,14.7111,231.2181,288.9777
busqueda_sin_build,desordenados,Lista nativa,11000,271.3578,272.5443,7.3126,265.4527,301.7267
busqueda_sin_build,desordenados,Lista nativa,12000,282.4790,286.1305,12.2439,273.6387,334.4940
busqueda_sin_build,desordenados,Lista nativa,13000,344.3743,354.1639,28.6841,330.9724,447.6330
busqueda_sin_build,desordenados,Lista nativa,14000,368.4970,376.8606,32.3703,353.1819,488.6051
busqueda_sin_build,desordenados,Lista nativa,15000,394.2077,404.8261,36.8331,385.8466,540.2702
busqueda_sin_build,desordenados,Lista nativa,16000,407.6580,416.6098,32.3874,393.6675,543.9814
busqueda_sin_build,desordenados,Lista nativa,17000,457.2246,459.5348,9.5998,448.0938,488.7961
busqueda_sin_build,desordenados,Lista nativa,18000,473.4568,477.4265,19.4702,456.8902,567.2682
busqueda_sin_build,desordenados,Lista nativa,19000,507.3487,507.9700,7.1360,496.6756,526.0105
busqueda_sin_build,desordenados,Lista nativa,20000,534.3571,540.3330,33.0631,515.8807,689.3563
busqueda_sin_build,desordenados,ABB,5000,1.0326,1.0614,0.0789,1.0167,1.4204
busqueda_sin_build,desordenados,ABB,6000,1.0117,1.0391,0.0801,0.9816,1.3251
busqueda_sin_build,desordenados,ABB,7000,1.0366,1.0541,0.0641,1.0068,1.3521
busqueda_sin_build,desordenados,ABB,8000,1.1044,1.1304,0.1142,1.0656,1.6989
busqueda_sin_build,desordenados,ABB,9000,1.0712,1.0849,0.0642,1.0433,1.3941
busqueda_sin_build,desordenados,ABB,10000,1.1084,1.1228,0.0737,1.0813,1.4933
busqueda_sin_build,desordenados,ABB,11000,1.1626,1.1912,0.1002,1.1412,1.6702
busqueda_sin_build,desordenados,ABB,12000,1.1767,1.2635,0.2233,1.1498,2.0462
busqueda_sin_build,desordenados,ABB,13000,1.1334,1.1767,0.1458,1.1205,1.9142
busqueda_sin_build,desordenados,ABB,14000,1.2057,1.2421,0.1122,1.1538,1.6225
busqueda_sin_build,desordenados,ABB,15000,1.1857,1.2136,0.0895,1.1458,1.5952
busqueda_sin_build,desordenados,ABB,16000,1.1909,1.2515,0.1600,1.1441,1.8442
busqueda_sin_build,desordenados,ABB,17000,1.2365,1.3015,0.1412,1.1904,1.6959
busqueda_sin_build,desordenados,ABB,18000,1.2241,1.2736,0.1354,1.1588,1.6595
busqueda_sin_build,desordenados,ABB,19000,1.3565,1.3951,0.1076,1.3057,1.7807
busqueda_sin_build,desordenados,ABB,20000,1.1924,1.2891,0.2671,1.1487,2.4093
busqueda_sin_build,desordenados,B+,5000,0.7317,0.7769,0.1264,0.7147,1.3340
busqueda_sin_build,desordenados,B+,6000,0.8392,0.9326,0.1817,0.7693,1.3529
busqueda_sin_build,desordenados,B+,7000,0.7640,0.7940,0.1212,0.7450,1.4233
busqueda_sin_build,desordenados,B+,8000,0.7801,0.8089,0.1367,0.7513,1.5121
busqueda_sin_build,desordenados,B+,9000,0.7792,0.8136,0.1601,0.7476,1.6412
busqueda_sin_build,desordenados,B+,10000,0.7670,0.8110,0.1878,0.7444,1.7937
busqueda_sin_build,desordenados,B+,11000,0.7832,0.8239,0.1574,0.7615,1.6448
busqueda_sin_build,desordenados,B+,12000,0.8009,0.8318,0.1382,0.7793,1.5418
busqueda_sin_build,desordenados,B+,13000,0.8159,0.8662,0.1576,0.7858,1.6255
busqueda_sin_build,desordenados,B+,14000,0.8322,0.8747,0.1557,0.7936,1.6484
busqueda_sin_build,desordenados,B+,15000,0.8916,0.9922,0.2862,0.8517,2.0319
busqueda_sin_build,desordenados,B+,16000,0.8808,0.9388,0.1748,0.8253,1.7599
busqueda_sin_build,desordenados,B+,17000,0.8860,0.9456,0.1863,0.8457,1.8121
busqueda_sin_build,desordenados,B+,18000,0.8979,0.9482,0.1940,0.8527,1.9091
busqueda_sin_build,desordenados,B+,19000,0.9287,0.9905,0.2034,0.8714,1.9619
busqueda_sin_build,desordenados,B+,20000,0.9145,0.9877,0.1995,0.8748,1.8963
busqueda_sin_build,ordenados,Lista nativa,5000,79.3824,80.0944,1.4278,78.2019,82.8700
busqueda_sin_build,ordenados,Lista nativa,6000,93.1788,93.4058,2.8261,89.8577,99.6893
busqueda_sin_build,ordenados,Lista nativa,7000,116.2977,116.2276,1.5871,113.1237,120.3660
busqueda_sin_build,ordenados,Lista nativa,8000,128.2099,130.6095,5.9995,126.2115,152.5246
busqueda_sin_build,ordenados,Lista nativa,9000,148.2866,147.8919,2.1638,144.5041,151.7917
busqueda_sin_build,ordenados,Lista nativa,10000,166.6912,168.0992,5.9039,162.8402,190.4229
busqueda_sin_build,ordenados,Lista nativa,11000,182.6928,182.4035,2.2882,178.8823,185.9288
busqueda_sin_build,ordenados,Lista nativa,12000,201.2974,203.8522,11.1163,196.8679,258.8045
busqueda_sin_build,ordenados,Lista nativa,13000,231.5125,231.5641,3.8976,224.5208,240.2610
busqueda_sin_build,ordenados,Lista nativa,14000,256.9882,258.5658,6.4105,252.3988,279.3921
busqueda_sin_build,ordenados,Lista nativa,15000,257.5142,259.4214,9.4819,250.2475,302.9294
busqueda_sin_build,ordenados,Lista nativa,16000,292.7366,292.3622,3.9340,285.9744,299.6803
busqueda_sin_build,ordenados,Lista nativa,17000,302.9789,315.2906,40.8362,296.3685,501.0601
busqueda_sin_build,ordenados,Lista nativa,18000,331.6145,338.4401,25.2483,319.5279,426.0329
busqueda_sin_build,ordenados,Lista nativa,19000,340.9553,341.1510,4.2064,332.7384,350.0222
busqueda_sin_build,ordenados,Lista nativa,20000,382.9942,392.5131,30.2956,369.1630,495.9323
busqueda_sin_build,ordenados,ABB,5000,340.3483,340.6129,13.1486,313.6546,371.6675
busqueda_sin_build,ordenados,ABB,6000,365.5719,369.2834,11.7534,357.8952,408.9394
busqueda_sin_build,ordenados,ABB,7000,455.1511,455.6581,6.3400,447.8987,485.2080
busqueda_sin_build,ordenados,ABB,8000,505.1818,531.5090,61.9512,492.5705,722.6239
busqueda_sin_build,ordenados,ABB,9000,575.7628,578.6351,10.2027,565.0558,608.2342
busqueda_sin_build,ordenados,ABB,10000,662.3546,664.2579,21.6946,642.4323,745.2281
busqueda_sin_build,ordenados,ABB,11000,719.2954,719.4898,7.8961,705.6189,747.1850
busqueda_sin_build,ordenados,ABB,12000,788.4543,791.8612,21.6284,769.7294,874.2464
busqueda_sin_build,ordenados,ABB,13000,1023.6592,1027.9380,25.4004,984.9145,1133.5433
busqueda_sin_build,ordenados,ABB,14000,1142.7924,1151.6034,53.5524,1101.8698,1337.5840
busqueda_sin_build,ordenados,ABB,15000,1071.0572,1079.1350,36.4452,1025.2733,1167.5092
busqueda_sin_build,ordenados,ABB,16000,1256.1257,1262.3411,51.1729,1184.1783,1437.2972
busqueda_sin_build,ordenados,ABB,17000,1306.8959,1313.9094,47.6072,1249.5126,1473.5998
busqueda_sin_build,ordenados,ABB,18000,1410.5314,1451.4304,136.9755,1359.4882,1995.4713
busqueda_sin_build,ordenados,ABB,19000,1513.5610,1526.4933,67.5746,1465.1334,1815.9291
busqueda_sin_build,ordenados,ABB,20000,1696.9599,1707.0509,72.6641,1600.8777,1923.1831
busqueda_sin_build,ordenados,B+,5000,0.7673,0.7845,0.0811,0.7463,1.2033
busqueda_sin_build,ordenados,B+,6000,0.8084,0.8276,0.0975,0.7744,1.3350
busqueda_sin_build,ordenados,B+,7000,0.8110,0.8364,0.1146,0.7954,1.4330
busqueda_sin_build,ordenados,B+,8000,0.7982,0.8237,0.1250,0.7818,1.4766
busqueda_sin_build,ordenados,B+,9000,0.9096,0.9553,0.1436,0.8780,1.6478
busqueda_sin_build,ordenados,B+,10000,0.8859,0.9302,0.1666,0.8590,1.6870
busqueda_sin_build,ordenados,B+,11000,0.9346,1.0048,0.2572,0.9066,2.2952
busqueda_sin_build,ordenados,B+,12000,0.9423,0.9924,0.1743,0.8838,1.8152
busqueda_sin_build,ordenados,B+,13000,0.9330,0.9885,0.1761,0.8866,1.8107
busqueda_sin_build,ordenados,B+,14000,0.9683,1.0616,0.2239,0.9312,1.9246
busqueda_sin_build,ordenados,B+,15000,0.9371,0.9942,0.2246,0.9037,2.1562
busqueda_sin_build,ordenados,B+,16000,0.9617,1.0378,0.2559,0.9280,2.3411
busqueda_sin_build,ordenados,B+,17000,1.0281,1.0821,0.2086,0.9391,2.0657
busqueda_sin_build,ordenados,B+,18000,0.9573,1.0793,0.4347,0.9138,3.2477
busqueda_sin_build,ordenados,B+,19000,1.0198,1.1418,0.3200,0.9330,2.1525
busqueda_sin_build,ordenados,B+,20000,1.0103,1.0998,0.2649,0.9677,2.2392
listar_ordenado,desordenados,Lista nativa,5000,0.6319,0.6341,0.0059,0.6258,0.6491
listar_ordenado,desordenados,Lista nativa,6000,0.8696,0.8741,0.0155,0.8555,0.9208
listar_ordenado,desordenados,Lista nativa,7000,1.0206,1.0267,0.0197,1.0039,1.0892
listar_ordenado,desordenados,Lista nativa,8000,1.1927,1.1991,0.0244,1.1731,1.2945
listar_ordenado,desordenados,Lista nativa,9000,1.3438,1.3517,0.0260,1.3206,1.4071
listar_ordenado,desordenados,Lista nativa,10000,1.5578,1.5626,0.0274,1.5274,1.6320
listar_ordenado,desordenados,Lista nativa,11000,1.7325,1.7383,0.0398,1.6786,1.8601
listar_ordenado,desordenados,Lista nativa,12000,1.8893,1.9405,0.1488,1.8431,2.5385
listar_ordenado,desordenados,Lista nativa,13000,2.2175,2.2265,0.0521,2.1307,2.3152
listar_ordenado,desordenados,Lista nativa,14000,2.4920,2.4844,0.0682,2.3584,2.5991
listar_ordenado,desordenados,Lista nativa,15000,2.6869,2.7073,0.1681,2.5287,3.3158
listar_ordenado,desordenados,Lista nativa,16000,2.8570,2.8798,0.0671,2.7547,2.9963
listar_ordenado,desordenados,Lista nativa,17000,3.0676,3.0669,0.0819,2.9167,3.2517
listar_ordenado,desordenados,Lista nativa,18000,3.3184,3.3148,0.0658,3.1661,3.4336
listar_ordenado,desordenados,Lista nativa,19000,3.5059,3.5370,0.1001,3.3636,3.7627
listar_ordenado,desordenados,Lista nativa,20000,3.7922,3.7995,0.0847,3.6447,4.0185
listar_ordenado,desordenados,ABB,5000,0.5120,0.5192,0.0216,0.5031,0.6155
listar_ordenado,desordenados,ABB,6000,0.7924,0.8528,0.2302,0.6176,1.7431
listar_ordenado,desordenados,ABB,7000,0.7033,0.7071,0.0157,0.6899,0.7695
listar_ordenado,desordenados,ABB,8000,0.8471,0.8982,0.1224,0.7808,1.1509
listar_ordenado,desordenados,ABB,9000,0.8879,0.8984,0.0317,0.8711,1.0239
listar_ordenado,desordenados,ABB,10000,0.9759,0.9870,0.0274,0.9550,1.0932
listar_ordenado,desordenados,ABB,11000,1.0845,1.1014,0.0377,1.0639,1.1933
listar_ordenado,desordenados,ABB,12000,1.2645,1.2920,0.0923,1.2084,1.6952
listar_ordenado,desordenados,ABB,13000,1.3732,1.3848,0.0490,1.2997,1.4846
listar_ordenado,desordenados,ABB,14000,1.5069,1.5119,0.0487,1.4154,1.6351
listar_ordenado,desordenados,ABB,15000,1.6025,1.6372,0.1058,1.5309,1.9613
listar_ordenado,desordenados,ABB,16000,1.7332,1.7396,0.0666,1.6443,1.9641
listar_ordenado,desordenados,ABB,17000,1.8833,1.8840,0.0648,1.7407,2.0614
listar_ordenado,desordenados,ABB,18000,1.9812,1.9921,0.0719,1.8804,2.1770
listar_ordenado,desordenados,ABB,19000,2.0760,2.0880,0.0818,1.9620,2.3249
listar_ordenado,desordenados,ABB,20000,2.2749,2.2886,0.1226,2.0809,2.6184
listar_ordenado,desordenados,B+,5000,0.0969,0.0984,0.0065,0.0950,0.1267
listar_ordenado,desordenados,B+,6000,0.1189,0.1206,0.0055,0.1145,0.1344
listar_ordenado,desordenados,B+,7000,0.1344,0.1366,0.0064,0.1302,0.1577
listar_ordenado,desordenados,B+,8000,0.1560,0.1593,0.0105,0.1515,0.1969
listar_ordenado,desordenados,B+,9000,0.1742,0.1765,0.0068,0.1702,0.2054
listar_ordenado,desordenados,B+,10000,0.1936,0.1956,0.0116,0.1891,0.2550
listar_ordenado,desordenados,B+,11000,0.2182,0.2268,0.0239,0.2082,0.3178
listar_ordenado,desordenados,B+,12000,0.2487,0.2844,0.0877,0.2321,0.6626
listar_ordenado,desordenados,B+,13000,0.2700,0.2753,0.0253,0.2523,0.3500
listar_ordenado,desordenados,B+,14000,0.2947,0.3038,0.0290,0.2741,0.3990
listar_ordenado,desordenados,B+,15000,0.3163,0.3204,0.0223,0.2960,0.3829
listar_ordenado,desordenados,B+,16000,0.3498,0.3619,0.0437,0.3173,0.4876
listar_ordenado,desordenados,B+,17000,0.3722,0.3779,0.0310,0.3394,0.4538
listar_ordenado,desordenados,B+,18000,0.4025,0.4118,0.0364,0.3704,0.5099
listar_ordenado,desordenados,B+,19000,0.4218,0.4320,0.0314,0.3966,0.5356
listar_ordenado,desordenados,B+,20000,0.4822,0.4794,0.0442,0.4110,0.5818
listar_ordenado,ordenados,Lista nativa,5000,0.2500,0.2698,0.0435,0.2447,0.4343
listar_ordenado,ordenados,Lista nativa,6000,0.3077,0.3107,0.0168,0.3013,0.3971
listar_ordenado,ordenados,Lista nativa,7000,0.3764,0.4160,0.0898,0.3693,0.6764
listar_ordenado,ordenados,Lista nativa,8000,0.4259,0.4292,0.0127,0.4161,0.4814
listar_ordenado,ordenados,Lista nativa,9000,0.4787,0.4858,0.0224,0.4700,0.5782
listar_ordenado,ordenados,Lista nativa,10000,0.5387,0.5456,0.0235,0.5287,0.6402
listar_ordenado,ordenados,Lista nativa,11000,0.5989,0.6207,0.0593,0.5795,0.8032
listar_ordenado,ordenados,Lista nativa,12000,0.6484,0.6538,0.0222,0.6295,0.7475
listar_ordenado,ordenados,Lista nativa,13000,0.7526,0.7568,0.0279,0.7231,0.8291
listar_ordenado,ordenados,Lista nativa,14000,0.8073,0.8151,0.0205,0.7943,0.8696
listar_ordenado,ordenados,Lista nativa,15000,0.8731,0.8782,0.0357,0.8302,1.0032
listar_ordenado,ordenados,Lista nativa,16000,0.9406,0.9492,0.0325,0.9037,1.0230
listar_ordenado,ordenados,Lista nativa,17000,0.9810,0.9873,0.0294,0.9470,1.0826
listar_ordenado,ordenados,Lista nativa,18000,1.0800,1.1044,0.0745,1.0229,1.3062
listar_ordenado,ordenados,Lista nativa,19000,1.1442,1.1468,0.0430,1.0688,1.2379
listar_ordenado,ordenados,Lista nativa,20000,1.1899,1.1961,0.0422,1.1342,1.3039
listar_ordenado,ordenados,ABB,5000,0.9177,0.9283,0.0238,0.9071,0.9900
listar_ordenado,ordenados,ABB,6000,1.1173,1.1235,0.0250,1.0856,1.2051
listar_ordenado,ordenados,ABB,7000,1.3174,1.3258,0.0278,1.2907,1.3913
listar_ordenado,ordenados,ABB,8000,1.5066,1.5164,0.0398,1.4575,1.6161
listar_ordenado,ordenados,ABB,9000,1.7516,1.7586,0.0894,1.6490,2.0125
listar_ordenado,ordenados,ABB,10000,1.9218,1.9349,0.0612,1.8456,2.0978
listar_ordenado,ordenados,ABB,11000,2.1313,2.1646,0.0933,2.0599,2.4344
listar_ordenado,ordenados,ABB,12000,2.6406,2.6480,0.1312,2.3737,3.0025
listar_ordenado,ordenados,ABB,13000,2.9288,2.9722,0.1437,2.7692,3.3594
listar_ordenado,ordenados,ABB,14000,3.0540,3.0503,0.1241,2.8325,3.2718
listar_ordenado,ordenados,ABB,15000,3.4133,3.4073,0.2175,3.0826,3.8353
listar_ordenado,ordenados,ABB,16000,3.7229,3.7265,0.1341,3.4643,4.0189
listar_ordenado,ordenados,ABB,17000,3.9761,3.9320,0.1454,3.5462,4.1976
listar_ordenado,ordenados,ABB,18000,4.2430,4.2684,0.1287,3.9207,4.5183
listar_ordenado,ordenados,ABB,19000,4.5310,4.4678,0.2004,4.0467,4.7685
listar_ordenado,ordenados,ABB,20000,4.9202,4.8559,0.2298,4.3516,5.2614
listar_ordenado,ordenados,B+,5000,0.1169,0.1195,0.0070,0.1143,0.1432
listar_ordenado,ordenados,B+,6000,0.1469,0.1505,0.0101,0.1428,0.1916
listar_ordenado,ordenados,B+,7000,0.1719,0.1739,0.0062,0.1684,0.1985
listar_ordenado,ordenados,B+,8000,0.2023,0.2071,0.0111,0.1963,0.2424
listar_ordenado,ordenados,B+,9000,0.2289,0.2321,0.0091,0.2236,0.2627
listar_ordenado,ordenados,B+,10000,0.2531,0.2584,0.0156,0.2462,0.3191
listar_ordenado,ordenados,B+,11000,0.3405,0.3545,0.0450,0.3029,0.4646
listar_ordenado,ordenados,B+,12000,0.3220,0.3294,0.0321,0.2922,0.4081
listar_ordenado,ordenados,B+,13000,0.3623,0.3707,0.0303,0.3322,0.4664
listar_ordenado,ordenados,B+,14000,0.3956,0.3967,0.0301,0.3558,0.4780
listar_ordenado,ordenados,B+,15000,0.4374,0.4409,0.0371,0.3960,0.5370
listar_ordenado,ordenados,B+,16000,0.4614,0.4586,0.0326,0.4077,0.5212
listar_ordenado,ordenados,B+,17000,0.5064,0.5089,0.0446,0.4456,0.6289
listar_ordenado,ordenados,B+,18000,0.5841,0.6006,0.0717,0.4810,0.7549
listar_ordenado,ordenados,B+,19000,0.5987,0.6150,0.0686,0.5148,0.7672
listar_ordenado,ordenados,B+,20000,0.6092,0.6346,0.0783,0.5358,0.8613
rango_10pct,desordenados,Lista nativa,5000,0.2281,0.2290,0.0037,0.2245,0.2377
rango_10pct,desordenados,Lista nativa,6000,0.3190,0.3229,0.0163,0.3057,0.3827
rango_10pct,desordenados,Lista nativa,7000,0.3756,0.3785,0.0105,0.3682,0.4208
rango_10pct,desordenados,Lista nativa,8000,0.4247,0.4258,0.0098,0.4122,0.4633
rango_10pct,desordenados,Lista nativa,9000,0.5106,0.5156,0.0246,0.4891,0.5977
rango_10pct,desordenados,Lista nativa,10000,0.5289,0.5354,0.0193,0.5115,0.5893
rango_10pct,desordenados,Lista nativa,11000,0.5996,0.6030,0.0218,0.5769,0.6678
rango_10pct,desordenados,Lista nativa,12000,0.6652,0.6909,0.0920,0.6343,1.0953
rango_10pct,desordenados,Lista nativa,13000,0.7669,0.7733,0.0313,0.7333,0.8662
rango_10pct,desordenados,Lista nativa,14000,0.8280,0.8469,0.0557,0.7849,0.9902
rango_10pct,desordenados,Lista nativa,15000,0.9077,0.9140,0.0490,0.8474,1.0048
rango_10pct,desordenados,Lista nativa,16000,0.9709,0.9906,0.0526,0.9270,1.1397
rango_10pct,desordenados,Lista nativa,17000,1.0276,1.0482,0.0651,0.9624,1.2312
rango_10pct,desordenados,Lista nativa,18000,1.1054,1.1268,0.0839,1.0278,1.3159
rango_10pct,desordenados,Lista nativa,19000,1.1703,1.1789,0.0610,1.0949,1.4107
rango_10pct,desordenados,Lista nativa,20000,1.5292,2.1542,1.0303,1.1630,3.9627
rango_10pct,desordenados,ABB,5000,0.0775,0.0779,0.0010,0.0767,0.0807
rango_10pct,desordenados,ABB,6000,0.1070,0.1071,0.0025,0.1036,0.1133
rango_10pct,desordenados,ABB,7000,0.1083,0.1090,0.0027,0.1059,0.1194
rango_10pct,desordenados,ABB,8000,0.1244,0.1253,0.0036,0.1221,0.1398
rango_10pct,desordenados,ABB,9000,0.1389,0.1402,0.0034,0.1364,0.1490
rango_10pct,desordenados,ABB,10000,0.1574,0.1590,0.0059,0.1541,0.1838
rango_10pct,desordenados,ABB,11000,0.1755,0.1780,0.0093,0.1719,0.2217
rango_10pct,desordenados,ABB,12000,0.1925,0.1954,0.0107,0.1837,0.2268
rango_10pct,desordenados,ABB,13000,0.2104,0.2118,0.0059,0.2042,0.2272
rango_10pct,desordenados,ABB,14000,0.2258,0.2278,0.0098,0.2186,0.2677
rango_10pct,desordenados,ABB,15000,0.2393,0.2420,0.0126,0.2306,0.2878
rango_10pct,desordenados,ABB,16000,0.2636,0.2656,0.0124,0.2533,0.3134
rango_10pct,desordenados,ABB,17000,0.2822,0.2831,0.0116,0.2659,0.3187
rango_10pct,desordenados,ABB,18000,0.2950,0.2988,0.0109,0.2865,0.3268
rango_10pct,desordenados,ABB,19000,0.3093,0.3091,0.0067,0.2977,0.3234
rango_10pct,desordenados,ABB,20000,0.3330,0.3389,0.0195,0.3141,0.3807
rango_10pct,desordenados,B+,5000,0.0502,0.0503,0.0012,0.0492,0.0544
rango_10pct,desordenados,B+,6000,0.0577,0.0583,0.0019,0.0570,0.0667
rango_10pct,desordenados,B+,7000,0.0682,0.0684,0.0012,0.0664,0.0709
rango_10pct,desordenados,B+,8000,0.0792,0.0796,0.0027,0.0773,0.0897
rango_10pct,desordenados,B+,9000,0.0858,0.0884,0.0116,0.0840,0.1491
rango_10pct,desordenados,B+,10000,0.0933,0.0955,0.0088,0.0925,0.1415
rango_10pct,desordenados,B+,11000,0.1047,0.1067,0.0048,0.1031,0.1224
rango_10pct,desordenados,B+,12000,0.1229,0.1252,0.0091,0.1198,0.1700
rango_10pct,desordenados,B+,13000,0.1343,0.1359,0.0045,0.1295,0.1475
rango_10pct,desordenados,B+,14000,0.1373,0.1392,0.0083,0.1320,0.1717
rango_10pct,desordenados,B+,15000,0.1482,0.1507,0.0094,0.1397,0.1820
rango_10pct,desordenados,B+,16000,0.1618,0.1648,0.0082,0.1568,0.1886
rango_10pct,desordenados,B+,17000,0.1737,0.1747,0.0053,0.1679,0.1923
rango_10pct,desordenados,B+,18000,0.1868,0.1895,0.0088,0.1794,0.2173
rango_10pct,desordenados,B+,19000,0.1968,0.1985,0.0074,0.1880,0.2203
rango_10pct,desordenados,B+,20000,0.2083,0.2119,0.0113,0.2015,0.2552
rango_10pct,ordenados,Lista nativa,5000,0.2049,0.2065,0.0053,0.2005,0.2217
rango_10pct,ordenados,Lista nativa,6000,0.2534,0.2574,0.0107,0.2468,0.2860
rango_10pct,ordenados,Lista nativa,7000,0.2946,0.3123,0.0339,0.2850,0.4136
rango_10pct,ordenados,Lista nativa,8000,0.3893,0.5891,0.4870,0.3256,2.7095
rango_10pct,ordenados,Lista nativa,9000,0.3776,0.3787,0.0074,0.3693,0.3978
rango_10pct,ordenados,Lista nativa,10000,0.4164,0.4218,0.0179,0.3988,0.4747
rango_10pct,ordenados,Lista nativa,11000,0.4883,0.5244,0.1070,0.4638,0.9712
rango_10pct,ordenados,Lista nativa,12000,0.4974,0.4988,0.0146,0.4778,0.5370
rango_10pct,ordenados,Lista nativa,13000,0.5798,0.5819,0.0363,0.5306,0.6886
rango_10pct,ordenados,Lista nativa,14000,0.6247,0.6325,0.0300,0.5849,0.7020
rango_10pct,ordenados,Lista nativa,15000,0.6567,0.6571,0.0207,0.6223,0.7035
rango_10pct,ordenados,Lista nativa,16000,0.7086,0.7227,0.0363,0.6815,0.8222
rango_10pct,ordenados,Lista nativa,17000,0.7773,0.7882,0.0373,0.7396,0.8672
rango_10pct,ordenados,Lista nativa,18000,0.8483,0.8624,0.0584,0.7760,1.0271
rango_10pct,ordenados,Lista nativa,19000,0.8880,0.8973,0.0544,0.8232,1.0314
rango_10pct,ordenados,Lista nativa,20000,0.9678,0.9785,0.0676,0.8944,1.1359
rango_10pct,ordenados,ABB,5000,0.3479,0.3485,0.0055,0.3407,0.3597
rango_10pct,ordenados,ABB,6000,0.4181,0.4238,0.0153,0.4080,0.4678
rango_10pct,ordenados,ABB,7000,0.4944,0.4958,0.0111,0.4702,0.5188
rango_10pct,ordenados,ABB,8000,0.5648,0.5654,0.0171,0.5375,0.6116
rango_10pct,ordenados,ABB,9000,0.6143,0.6219,0.0187,0.6078,0.6985
rango_10pct,ordenados,ABB,10000,0.7143,0.7191,0.0129,0.7060,0.7515
rango_10pct,ordenados,ABB,11000,0.7647,0.7661,0.0137,0.7471,0.7968
rango_10pct,ordenados,ABB,12000,0.9431,0.9528,0.0402,0.8685,1.0571
rango_10pct,ordenados,ABB,13000,1.0033,1.0240,0.0581,0.9450,1.1755
rango_10pct,ordenados,ABB,14000,1.0264,1.0322,0.0328,0.9820,1.1315
rango_10pct,ordenados,ABB,15000,1.1685,1.1696,0.0607,1.0754,1.3225
rango_10pct,ordenados,ABB,16000,1.2630,1.2704,0.0395,1.2092,1.3752
rango_10pct,ordenados,ABB,17000,1.3148,1.3290,0.0447,1.2617,1.4589
rango_10pct,ordenados,ABB,18000,1.3637,1.3675,0.0487,1.2824,1.4794
rango_10pct,ordenados,ABB,19000,1.4929,1.4962,0.0443,1.4214,1.5873
rango_10pct,ordenados,ABB,20000,1.5803,1.5747,0.0657,1.4518,1.7650
rango_10pct,ordenados,B+,5000,0.0603,0.0604,0.0010,0.0586,0.0624
rango_10pct,ordenados,B+,6000,0.0749,0.0757,0.0028,0.0729,0.0832
rango_10pct,ordenados,B+,7000,0.0869,0.0873,0.0024,0.0854,0.0983
rango_10pct,ordenados,B+,8000,0.0966,0.0982,0.0068,0.0944,0.1323
rango_10pct,ordenados,B+,9000,0.1131,0.1135,0.0020,0.1108,0.1197
rango_10pct,ordenados,B+,10000,0.1225,0.1238,0.0042,0.1195,0.1388
rango_10pct,ordenados,B+,11000,0.1406,0.1409,0.0063,0.1339,0.1687
rango_10pct,ordenados,B+,12000,0.1451,0.1503,0.0109,0.1383,0.1782
rango_10pct,ordenados,B+,13000,0.1682,0.1715,0.0138,0.1587,0.2172
rango_10pct,ordenados,B+,14000,0.1833,0.1846,0.0069,0.1752,0.2074
rango_10pct,ordenados,B+,15000,0.1929,0.1937,0.0095,0.1803,0.2169
rango_10pct,ordenados,B+,16000,0.2023,0.2030,0.0066,0.1945,0.2275
rango_10pct,ordenados,B+,17000,0.2147,0.2173,0.0083,0.2069,0.2430
rango_10pct,ordenados,B+,18000,0.2391,0.2406,0.0124,0.2204,0.2778
rango_10pct,ordenados,B+,19000,0.2421,0.2430,0.0091,0.2292,0.2762
rango_10pct,ordenados,B+,20000,0.2500,0.2529,0.0095,0.2420,0.2760
rango_1pct,desordenados,Lista nativa,5000,0.2163,0.2191,0.0144,0.2102,0.2893
rango_1pct,desordenados,Lista nativa,6000,0.3001,0.3040,0.0139,0.2924,0.3652
rango_1pct,desordenados,Lista nativa,7000,0.3601,0.3667,0.0164,0.3539,0.4209
rango_1pct,desordenados,Lista nativa,8000,0.4199,0.4262,0.0180,0.4138,0.5006
rango_1pct,desordenados,Lista nativa,9000,0.4774,0.4829,0.0160,0.4689,0.5479
rango_1pct,desordenados,Lista nativa,10000,0.5067,0.5202,0.0351,0.4975,0.6328
rango_1pct,desordenados,Lista nativa,11000,0.5763,0.5821,0.0299,0.5473,0.6695
rango_1pct,desordenados,Lista nativa,12000,0.6333,0.6454,0.0284,0.6211,0.7458
rango_1pct,desordenados,Lista nativa,13000,0.7389,0.7525,0.0376,0.7068,0.8271
rango_1pct,desordenados,Lista nativa,14000,0.7988,0.8135,0.0532,0.7644,0.9744
rango_1pct,desordenados,Lista nativa,15000,0.8446,0.8487,0.0329,0.8040,0.9217
rango_1pct,desordenados,Lista nativa,16000,0.9097,0.9122,0.0446,0.8536,1.0369
rango_1pct,desordenados,Lista nativa,17000,0.9649,1.0127,0.1188,0.9191,1.4091
rango_1pct,desordenados,Lista nativa,18000,1.0531,1.0642,0.0706,0.9741,1.2659
rango_1pct,desordenados,Lista nativa,19000,1.0982,1.1320,0.0817,1.0437,1.3696
rango_1pct,desordenados,Lista nativa,20000,1.1924,1.2159,0.0874,1.0975,1.5112
rango_1pct,desordenados,ABB,5000,0.0084,0.0084,0.0002,0.0082,0.0092
rango_1pct,desordenados,ABB,6000,0.0115,0.0122,0.0019,0.0112,0.0193
rango_1pct,desordenados,ABB,7000,0.0113,0.0115,0.0002,0.0113,0.0123
rango_1pct,desordenados,ABB,8000,0.0138,0.0138,0.0003,0.0135,0.0151
rango_1pct,desordenados,ABB,9000,0.0159,0.0161,0.0004,0.0156,0.0173
rango_1pct,desordenados,ABB,10000,0.0170,0.0173,0.0011,0.0167,0.0227
rango_1pct,desordenados,ABB,11000,0.0193,0.0194,0.0008,0.0188,0.0225
rango_1pct,desordenados,ABB,12000,0.0209,0.0211,0.0006,0.0207,0.0238
rango_1pct,desordenados,ABB,13000,0.0219,0.0220,0.0006,0.0214,0.0248
rango_1pct,desordenados,ABB,14000,0.0232,0.0233,0.0004,0.0230,0.0248
rango_1pct,desordenados,ABB,15000,0.0256,0.0259,0.0012,0.0251,0.0310
rango_1pct,desordenados,ABB,16000,0.0255,0.0271,0.0042,0.0248,0.0414
rango_1pct,desordenados,ABB,17000,0.0288,0.0292,0.0012,0.0285,0.0348
rango_1pct,desordenados,ABB,18000,0.0294,0.0299,0.0013,0.0292,0.0353
rango_1pct,desordenados,ABB,19000,0.0308,0.0321,0.0032,0.0298,0.0447
rango_1pct,desordenados,ABB,20000,0.0340,0.0345,0.0016,0.0336,0.0401
rango_1pct,desordenados,B+,5000,0.0056,0.0057,0.0003,0.0055,0.0069
rango_1pct,desordenados,B+,6000,0.0067,0.0070,0.0007,0.0065,0.0099
rango_1pct,desordenados,B+,7000,0.0074,0.0075,0.0004,0.0072,0.0088
rango_1pct,desordenados,B+,8000,0.0085,0.0086,0.0004,0.0084,0.0107
rango_1pct,desordenados,B+,9000,0.0094,0.0096,0.0006,0.0092,0.0124
rango_1pct,desordenados,B+,10000,0.0104,0.0112,0.0021,0.0102,0.0178
rango_1pct,desordenados,B+,11000,0.0114,0.0115,0.0003,0.0112,0.0127
rango_1pct,desordenados,B+,12000,0.0131,0.0132,0.0007,0.0129,0.0166
rango_1pct,desordenados,B+,13000,0.0139,0.0140,0.0004,0.0137,0.0161
rango_1pct,desordenados,B+,14000,0.0142,0.0143,0.0006,0.0139,0.0164
rango_1pct,desordenados,B+,15000,0.0159,0.0160,0.0004,0.0156,0.0181
rango_1pct,desordenados,B+,16000,0.0158,0.0158,0.0005,0.0154,0.0180
rango_1pct,desordenados,B+,17000,0.0173,0.0175,0.0007,0.0167,0.0195
rango_1pct,desordenados,B+,18000,0.0184,0.0189,0.0018,0.0180,0.0275
rango_1pct,desordenados,B+,19000,0.0188,0.0198,0.0033,0.0185,0.0340
rango_1pct,desordenados,B+,20000,0.0206,0.0210,0.0009,0.0204,0.0240
rango_1pct,ordenados,Lista nativa,5000,0.1988,0.1997,0.0043,0.1929,0.2148
rango_1pct,ordenados,Lista nativa,6000,0.2433,0.2451,0.0098,0.2334,0.2707
rango_1pct,ordenados,Lista nativa,7000,0.2913,0.2952,0.0137,0.2875,0.3597
rango_1pct,ordenados,Lista nativa,8000,0.3218,0.3254,0.0103,0.3155,0.3662
rango_1pct,ordenados,Lista nativa,9000,0.3730,0.3838,0.0325,0.3610,0.5223
rango_1pct,ordenados,Lista nativa,10000,0.4103,0.4133,0.0200,0.3878,0.4932
rango_1pct,ordenados,Lista nativa,11000,0.4526,0.4530,0.0088,0.4402,0.4796
rango_1pct,ordenados,Lista nativa,12000,0.4954,0.5006,0.0198,0.4840,0.5835
rango_1pct,ordenados,Lista nativa,13000,0.5587,0.5671,0.0292,0.5347,0.6661
rango_1pct,ordenados,Lista nativa,14000,0.6011,0.6045,0.0241,0.5683,0.6674
rango_1pct,ordenados,Lista nativa,15000,0.6477,0.6496,0.0237,0.6158,0.7113
rango_1pct,ordenados,Lista nativa,16000,0.7097,0.7185,0.0348,0.6701,0.8263
rango_1pct,ordenados,Lista nativa,17000,0.7705,0.7737,0.0562,0.7071,0.9609
rango_1pct,ordenados,Lista nativa,18000,0.8142,0.8202,0.0402,0.7564,0.9080
rango_1pct,ordenados,Lista nativa,19000,0.8272,0.8330,0.0286,0.8031,0.9215
rango_1pct,ordenados,Lista nativa,20000,0.9128,0.9375,0.0551,0.8608,1.0689
rango_1pct,ordenados,ABB,5000,0.2187,0.2215,0.0069,0.2159,0.2407
rango_1pct,ordenados,ABB,6000,0.2881,0.2992,0.0286,0.2698,0.3781
rango_1pct,ordenados,ABB,7000,0.3088,0.3106,0.0051,0.3029,0.3225
rango_1pct,ordenados,ABB,8000,0.3619,0.3639,0.0069,0.3557,0.3872
rango_1pct,ordenados,ABB,9000,0.4055,0.4095,0.0097,0.3988,0.4379
rango_1pct,ordenados,ABB,10000,0.4491,0.4507,0.0087,0.4372,0.4696
rango_1pct,ordenados,ABB,11000,0.4899,0.4937,0.0117,0.4797,0.5342
rango_1pct,ordenados,ABB,12000,0.5845,0.5834,0.0228,0.5352,0.6268
rango_1pct,ordenados,ABB,13000,0.6300,0.6343,0.0293,0.5751,0.7114
rango_1pct,ordenados,ABB,14000,0.6804,0.6797,0.0273,0.6332,0.7324
rango_1pct,ordenados,ABB,15000,0.7173,0.7197,0.0271,0.6815,0.7975
rango_1pct,ordenados,ABB,16000,0.7676,0.7707,0.0266,0.7216,0.8320
rango_1pct,ordenados,ABB,17000,0.8392,0.8405,0.0210,0.7995,0.8776
rango_1pct,ordenados,ABB,18000,0.9026,0.9132,0.0386,0.8638,1.0221
rango_1pct,ordenados,ABB,19000,0.9206,0.9245,0.0345,0.8643,1.0053
rango_1pct,ordenados,ABB,20000,0.9837,0.9774,0.0390,0.9139,1.0795
rango_1pct,ordenados,B+,5000,0.0067,0.0067,0.0001,0.0066,0.0073
rango_1pct,ordenados,B+,6000,0.0081,0.0082,0.0006,0.0079,0.0109
rango_1pct,ordenados,B+,7000,0.0093,0.0094,0.0002,0.0092,0.0103
rango_1pct,ordenados,B+,8000,0.0104,0.0105,0.0002,0.0103,0.0115
rango_1pct,ordenados,B+,9000,0.0119,0.0120,0.0003,0.0117,0.0131
rango_1pct,ordenados,B+,10000,0.0129,0.0130,0.0003,0.0128,0.0142
rango_1pct,ordenados,B+,11000,0.0149,0.0191,0.0062,0.0145,0.0288
rango_1pct,ordenados,B+,12000,0.0157,0.0163,0.0013,0.0153,0.0207
rango_1pct,ordenados,B+,13000,0.0171,0.0173,0.0006,0.0166,0.0190
rango_1pct,ordenados,B+,14000,0.0183,0.0183,0.0004,0.0180,0.0197
rango_1pct,ordenados,B+,15000,0.0193,0.0194,0.0005,0.0191,0.0216
rango_1pct,ordenados,B+,16000,0.0203,0.0206,0.0012,0.0198,0.0265
rango_1pct,ordenados,B+,17000,0.0217,0.0219,0.0007,0.0211,0.0247
rango_1pct,ordenados,B+,18000,0.0233,0.0235,0.0009,0.0228,0.0279
rango_1pct,ordenados,B+,19000,0.0243,0.0247,0.0017,0.0235,0.0331
rango_1pct,ordenados,B+,20000,0.0256,0.0259,0.0008,0.0253,0.0286
rango_25pct,desordenados,Lista nativa,5000,0.2422,0.2432,0.0056,0.2359,0.2593
rango_25pct,desordenados,Lista nativa,6000,0.3437,0.3460,0.0060,0.3398,0.3642
rango_25pct,desordenados,Lista nativa,7000,0.4006,0.4069,0.0254,0.3910,0.5319
rango_25pct,desordenados,Lista nativa,8000,0.4490,0.4531,0.0153,0.4382,0.5199
rango_25pct,desordenados,Lista nativa,9000,0.5066,0.5240,0.0464,0.4961,0.7170
rango_25pct,desordenados,Lista nativa,10000,0.5786,0.6031,0.0823,0.5447,0.9114
rango_25pct,desordenados,Lista nativa,11000,0.6350,0.6442,0.0300,0.6147,0.7798
rango_25pct,desordenados,Lista nativa,12000,0.6812,0.6835,0.0118,0.6616,0.7208
rango_25pct,desordenados,Lista nativa,13000,0.8026,0.8043,0.0154,0.7795,0.8448
rango_25pct,desordenados,Lista nativa,14000,0.8717,0.8871,0.0548,0.8158,1.0400
rango_25pct,desordenados,Lista nativa,15000,0.9302,0.9682,0.1128,0.8927,1.4862
rango_25pct,desordenados,Lista nativa,16000,1.0262,1.0452,0.0683,0.9769,1.3011
rango_25pct,desordenados,Lista nativa,17000,1.1193,1.1282,0.0689,1.0280,1.2947
rango_25pct,desordenados,Lista nativa,18000,1.1658,1.1947,0.1085,1.0874,1.6548
rango_25pct,desordenados,Lista nativa,19000,1.2635,1.2712,0.0705,1.1712,1.4209
rango_25pct,desordenados,Lista nativa,20000,1.4099,1.4813,0.2005,1.2647,2.0279
rango_25pct,desordenados,ABB,5000,0.1958,0.1995,0.0101,0.1915,0.2371
rango_25pct,desordenados,ABB,6000,0.2823,0.2903,0.0396,0.2476,0.4189
rango_25pct,desordenados,ABB,7000,0.2789,0.2796,0.0068,0.2725,0.3014
rango_25pct,desordenados,ABB,8000,0.3201,0.3231,0.0089,0.3144,0.3531
rango_25pct,desordenados,ABB,9000,0.3576,0.3595,0.0077,0.3507,0.3820
rango_25pct,desordenados,ABB,10000,0.4016,0.4038,0.0081,0.3945,0.4251
rango_25pct,desordenados,ABB,11000,0.4430,0.4472,0.0195,0.4330,0.5431
rango_25pct,desordenados,ABB,12000,0.5133,0.5169,0.0223,0.4850,0.5866
rango_25pct,desordenados,ABB,13000,0.5582,0.5572,0.0225,0.5183,0.6162
rango_25pct,desordenados,ABB,14000,0.5781,0.5865,0.0186,0.5623,0.6313
rango_25pct,desordenados,ABB,15000,0.6174,0.6219,0.0151,0.5970,0.6480
rango_25pct,desordenados,ABB,16000,0.6581,0.6634,0.0189,0.6404,0.7230
rango_25pct,desordenados,ABB,17000,0.7218,0.7269,0.0218,0.6862,0.7733
rango_25pct,desordenados,ABB,18000,0.7549,0.7633,0.0242,0.7347,0.8130
rango_25pct,desordenados,ABB,19000,0.7857,0.7898,0.0181,0.7694,0.8468
rango_25pct,desordenados,ABB,20000,0.8197,0.8282,0.0256,0.7951,0.8910
rango_25pct,desordenados,B+,5000,0.1236,0.1246,0.0035,0.1218,0.1403
rango_25pct,desordenados,B+,6000,0.1457,0.1477,0.0059,0.1414,0.1691
rango_25pct,desordenados,B+,7000,0.1757,0.1811,0.0168,0.1716,0.2394
rango_25pct,desordenados,B+,8000,0.2025,0.2038,0.0044,0.1994,0.2179
rango_25pct,desordenados,B+,9000,0.2264,0.2278,0.0058,0.2222,0.2496
rango_25pct,desordenados,B+,10000,0.2486,0.2489,0.0042,0.2424,0.2590
rango_25pct,desordenados,B+,11000,0.2771,0.2795,0.0084,0.2686,0.3055
rango_25pct,desordenados,B+,12000,0.3069,0.3067,0.0121,0.2873,0.3386
rango_25pct,desordenados,B+,13000,0.3427,0.3453,0.0097,0.3288,0.3665
rango_25pct,desordenados,B+,14000,0.3579,0.3590,0.0127,0.3418,0.3950
rango_25pct,desordenados,B+,15000,0.3915,0.3928,0.0157,0.3678,0.4242
rango_25pct,desordenados,B+,16000,0.4159,0.4192,0.0151,0.4020,0.4714
rango_25pct,desordenados,B+,17000,0.4495,0.4558,0.0255,0.4255,0.5126
rango_25pct,desordenados,B+,18000,0.4746,0.4786,0.0188,0.4493,0.5355
rango_25pct,desordenados,B+,19000,0.5040,0.5089,0.0192,0.4848,0.5716
rango_25pct,desordenados,B+,20000,0.5270,0.5317,0.0176,0.5053,0.5724
rango_25pct,ordenados,Lista nativa,5000,0.2149,0.2154,0.0054,0.2072,0.2279
rango_25pct,ordenados,Lista nativa,6000,0.2581,0.2617,0.0128,0.2476,0.3117
rango_25pct,ordenados,Lista nativa,7000,0.3187,0.3175,0.0145,0.2966,0.3531
rango_25pct,ordenados,Lista nativa,8000,0.3522,0.3565,0.0176,0.3432,0.4338
rango_25pct,ordenados,Lista nativa,9000,0.3899,0.3949,0.0117,0.3826,0.4247
rango_25pct,ordenados,Lista nativa,10000,0.4283,0.4328,0.0189,0.4185,0.5253
rango_25pct,ordenados,Lista nativa,11000,0.5219,0.5327,0.0339,0.4929,0.6178
rango_25pct,ordenados,Lista nativa,12000,0.5144,0.5160,0.0105,0.5001,0.5542
rango_25pct,ordenados,Lista nativa,13000,0.5983,0.6109,0.0456,0.5727,0.7916
rango_25pct,ordenados,Lista nativa,14000,0.6414,0.6496,0.0268,0.6159,0.7331
rango_25pct,ordenados,Lista nativa,15000,0.6743,0.6780,0.0263,0.6417,0.7393
rango_25pct,ordenados,Lista nativa,16000,0.7464,0.7458,0.0143,0.7218,0.7726
rango_25pct,ordenados,Lista nativa,17000,0.7911,0.7949,0.0226,0.7674,0.8530
rango_25pct,ordenados,Lista nativa,18000,0.8523,0.8626,0.0334,0.8300,0.9741
rango_25pct,ordenados,Lista nativa,19000,0.8832,0.8939,0.0375,0.8332,0.9872
rango_25pct,ordenados,Lista nativa,20000,0.9855,0.9971,0.0695,0.9204,1.2804
rango_25pct,ordenados,ABB,5000,0.5433,0.5488,0.0134,0.5377,0.6084
rango_25pct,ordenados,ABB,6000,0.6578,0.6659,0.0221,0.6464,0.7572
rango_25pct,ordenados,ABB,7000,0.7895,0.7934,0.0123,0.7798,0.8411
rango_25pct,ordenados,ABB,8000,0.8968,0.8997,0.0162,0.8715,0.9376
rango_25pct,ordenados,ABB,9000,1.0097,1.0193,0.0293,0.9774,1.0822
rango_25pct,ordenados,ABB,10000,1.1226,1.1219,0.0242,1.0887,1.1723
rango_25pct,ordenados,ABB,11000,1.2402,1.2478,0.0353,1.2005,1.3289
rango_25pct,ordenados,ABB,12000,1.5146,1.5331,0.0551,1.4773,1.7412
rango_25pct,ordenados,ABB,13000,1.6277,1.6363,0.0481,1.5736,1.7710
rango_25pct,ordenados,ABB,14000,1.7601,1.7757,0.0719,1.6556,1.9277
rango_25pct,ordenados,ABB,15000,1.8622,1.8633,0.0967,1.7339,2.0734
rango_25pct,ordenados,ABB,16000,2.2824,2.2502,0.2853,1.8846,2.8946
rango_25pct,ordenados,ABB,17000,2.1386,2.1060,0.1011,1.9554,2.2896
rango_25pct,ordenados,ABB,18000,2.2999,2.3163,0.0911,2.1443,2.5248
rango_25pct,ordenados,ABB,19000,2.6645,2.6926,0.2755,2.2725,3.2565
rango_25pct,ordenados,ABB,20000,2.6113,2.6761,0.3015,2.3848,3.7938
rango_25pct,ordenados,B+,5000,0.1521,0.1525,0.0029,0.1490,0.1634
rango_25pct,ordenados,B+,6000,0.1838,0.1854,0.0060,0.1783,0.2110
rango_25pct,ordenados,B+,7000,0.2191,0.2208,0.0052,0.2147,0.2382
rango_25pct,ordenados,B+,8000,0.2494,0.2501,0.0043,0.2442,0.2668
rango_25pct,ordenados,B+,9000,0.2841,0.2856,0.0095,0.2706,0.3114
rango_25pct,ordenados,B+,10000,0.3069,0.3105,0.0124,0.2987,0.3558
rango_25pct,ordenados,B+,11000,0.3540,0.3563,0.0118,0.3405,0.3848
rango_25pct,ordenados,B+,12000,0.3725,0.3767,0.0129,0.3622,0.4156
rango_25pct,ordenados,B+,13000,0.4250,0.4284,0.0194,0.3874,0.4780
rango_25pct,ordenados,B+,14000,0.4425,0.4498,0.0200,0.4269,0.4961
rango_25pct,ordenados,B+,15000,0.4738,0.4784,0.0221,0.4531,0.5340
rango_25pct,ordenados,B+,16000,0.4961,0.5008,0.0165,0.4815,0.5579
rango_25pct,ordenados,B+,17000,0.5343,0.5380,0.0212,0.5087,0.6038
rango_25pct,ordenados,B+,18000,0.5755,0.5847,0.0281,0.5567,0.6821
rango_25pct,ordenados,B+,19000,0.5951,0.6018,0.0202,0.5777,0.6580
rango_25pct,ordenados,B+,20000,0.6363,0.6364,0.0187,0.6024,0.6723
rango_5pct,desordenados,Lista nativa,5000,0.2231,0.2233,0.0032,0.2191,0.2313
rango_5pct,desordenados,Lista nativa,6000,0.3054,0.3069,0.0062,0.2996,0.3246
rango_5pct,desordenados,Lista nativa,7000,0.3659,0.3689,0.0085,0.3591,0.3965
rango_5pct,desordenados,Lista nativa,8000,0.4139,0.4223,0.0199,0.4050,0.4849
rango_5pct,desordenados,Lista nativa,9000,0.4843,0.4921,0.0181,0.4763,0.5508
rango_5pct,desordenados,Lista nativa,10000,0.5146,0.5208,0.0184,0.5059,0.5917
rango_5pct,desordenados,Lista nativa,11000,0.5827,0.5890,0.0197,0.5625,0.6369
rango_5pct,desordenados,Lista nativa,12000,0.6437,0.6949,0.1407,0.6103,1.1328
rango_5pct,desordenados,Lista nativa,13000,0.7468,0.7488,0.0334,0.6947,0.8317
rango_5pct,desordenados,Lista nativa,14000,0.8210,0.8472,0.0606,0.7772,1.0766
rango_5pct,desordenados,Lista nativa,15000,0.8539,0.8558,0.0286,0.8122,0.9541
rango_5pct,desordenados,Lista nativa,16000,0.9195,0.9336,0.0442,0.8931,1.0909
rango_5pct,desordenados,Lista nativa,17000,1.0099,1.0315,0.0811,0.9356,1.2920
rango_5pct,desordenados,Lista nativa,18000,1.0703,1.0930,0.0754,0.9936,1.3305
rango_5pct,desordenados,Lista nativa,19000,1.1637,1.1789,0.0785,1.0692,1.3321
rango_5pct,desordenados,Lista nativa,20000,1.2528,1.3031,0.2042,1.1332,2.0602
rango_5pct,desordenados,ABB,5000,0.0394,0.0395,0.0005,0.0391,0.0416
rango_5pct,desordenados,ABB,6000,0.0524,0.0529,0.0017,0.0514,0.0590
rango_5pct,desordenados,ABB,7000,0.0547,0.0547,0.0008,0.0536,0.0574
rango_5pct,desordenados,ABB,8000,0.0622,0.0641,0.0074,0.0614,0.1021
rango_5pct,desordenados,ABB,9000,0.0698,0.0700,0.0015,0.0684,0.0746
rango_5pct,desordenados,ABB,10000,0.0785,0.0796,0.0037,0.0769,0.0976
rango_5pct,desordenados,ABB,11000,0.0887,0.0899,0.0048,0.0862,0.1082
rango_5pct,desordenados,ABB,12000,0.0961,0.0967,0.0018,0.0955,0.1031
rango_5pct,desordenados,ABB,13000,0.1028,0.1038,0.0030,0.1005,0.1150
rango_5pct,desordenados,ABB,14000,0.1092,0.1105,0.0036,0.1064,0.1228
rango_5pct,desordenados,ABB,15000,0.1223,0.1241,0.0066,0.1180,0.1466
rango_5pct,desordenados,ABB,16000,0.1227,0.1239,0.0045,0.1186,0.1416
rango_5pct,desordenados,ABB,17000,0.1370,0.1394,0.0070,0.1337,0.1711
rango_5pct,desordenados,ABB,18000,0.1425,0.1451,0.0087,0.1397,0.1865
rango_5pct,desordenados,ABB,19000,0.1588,0.1600,0.0082,0.1480,0.1837
rango_5pct,desordenados,ABB,20000,0.1636,0.1655,0.0065,0.1588,0.1838
rango_5pct,desordenados,B+,5000,0.0255,0.0256,0.0006,0.0248,0.0279
rango_5pct,desordenados,B+,6000,0.0293,0.0302,0.0028,0.0289,0.0441
rango_5pct,desordenados,B+,7000,0.0338,0.0342,0.0010,0.0335,0.0381
rango_5pct,desordenados,B+,8000,0.0397,0.0400,0.0012,0.0391,0.0440
rango_5pct,desordenados,B+,9000,0.0431,0.0431,0.0007,0.0421,0.0454
rango_5pct,desordenados,B+,10000,0.0492,0.0496,0.0011,0.0485,0.0526
rango_5pct,desordenados,B+,11000,0.0538,0.0547,0.0030,0.0527,0.0688
rango_5pct,desordenados,B+,12000,0.0604,0.0608,0.0015,0.0592,0.0650
rango_5pct,desordenados,B+,13000,0.0658,0.0663,0.0018,0.0639,0.0728
rango_5pct,desordenados,B+,14000,0.0693,0.0697,0.0031,0.0662,0.0826
rango_5pct,desordenados,B+,15000,0.0749,0.0764,0.0042,0.0728,0.0946
rango_5pct,desordenados,B+,16000,0.0775,0.0795,0.0065,0.0743,0.1053
rango_5pct,desordenados,B+,17000,0.0814,0.0831,0.0047,0.0791,0.1035
rango_5pct,desordenados,B+,18000,0.0879,0.0902,0.0045,0.0854,0.1012
rango_5pct,desordenados,B+,19000,0.0904,0.0934,0.0068,0.0875,0.1139
rango_5pct,desordenados,B+,20000,0.1007,0.1014,0.0034,0.0970,0.1091
rango_5pct,ordenados,Lista nativa,5000,0.2028,0.2046,0.0055,0.1967,0.2177
rango_5pct,ordenados,Lista nativa,6000,0.2468,0.2480,0.0055,0.2424,0.2655
rango_5pct,ordenados,Lista nativa,7000,0.2946,0.2972,0.0158,0.2811,0.3690
rango_5pct,ordenados,Lista nativa,8000,0.3271,0.3326,0.0177,0.3203,0.3969
rango_5pct,ordenados,Lista nativa,9000,0.3715,0.3733,0.0077,0.3650,0.4037
rango_5pct,ordenados,Lista nativa,10000,0.4087,0.4123,0.0148,0.3991,0.4723
rango_5pct,ordenados,Lista nativa,11000,0.4930,0.5380,0.0957,0.4448,0.7976
rango_5pct,ordenados,Lista nativa,12000,0.4932,0.4950,0.0205,0.4775,0.5888
rango_5pct,ordenados,Lista nativa,13000,0.5532,0.5583,0.0312,0.5213,0.6449
rango_5pct,ordenados,Lista nativa,14000,0.6078,0.6175,0.0379,0.5729,0.7416
rango_5pct,ordenados,Lista nativa,15000,0.6466,0.6538,0.0340,0.6218,0.7930
rango_5pct,ordenados,Lista nativa,16000,0.7141,0.7166,0.0252,0.6869,0.7922
rango_5pct,ordenados,Lista nativa,17000,0.7521,0.7644,0.0337,0.7216,0.8521
rango_5pct,ordenados,Lista nativa,18000,0.8222,0.8297,0.0363,0.7857,0.9049
rango_5pct,ordenados,Lista nativa,19000,0.8478,0.8610,0.0359,0.8163,0.9950
rango_5pct,ordenados,Lista nativa,20000,0.9084,0.9245,0.0361,0.8833,1.0049
rango_5pct,ordenados,ABB,5000,0.2772,0.2778,0.0045,0.2726,0.2921
rango_5pct,ordenados,ABB,6000,0.3479,0.3551,0.0328,0.3308,0.5138
rango_5pct,ordenados,ABB,7000,0.3898,0.3929,0.0126,0.3805,0.4480
rango_5pct,ordenados,ABB,8000,0.4485,0.4533,0.0149,0.4366,0.5060
rango_5pct,ordenados,ABB,9000,0.4957,0.4981,0.0142,0.4811,0.5354
rango_5pct,ordenados,ABB,10000,0.5719,0.5782,0.0185,0.5617,0.6384
rango_5pct,ordenados,ABB,11000,0.6195,0.6263,0.0170,0.6064,0.6710
rango_5pct,ordenados,ABB,12000,0.7409,0.7438,0.0344,0.7001,0.8245
rango_5pct,ordenados,ABB,13000,0.7858,0.7891,0.0239,0.7495,0.8621
rango_5pct,ordenados,ABB,14000,0.8097,0.8164,0.0298,0.7788,0.8992
rango_5pct,ordenados,ABB,15000,0.8719,0.8778,0.0183,0.8433,0.9175
rango_5pct,ordenados,ABB,16000,0.9852,0.9804,0.0421,0.9230,1.0753
rango_5pct,ordenados,ABB,17000,1.0351,1.0468,0.0365,1.0002,1.1590
rango_5pct,ordenados,ABB,18000,1.1118,1.1113,0.0559,1.0261,1.3123
rango_5pct,ordenados,ABB,19000,1.1157,1.1261,0.0445,1.0706,1.2437
rango_5pct,ordenados,ABB,20000,1.2308,1.2267,0.0754,1.1305,1.4522
rango_5pct,ordenados,B+,5000,0.0310,0.0312,0.0007,0.0299,0.0333
rango_5pct,ordenados,B+,6000,0.0377,0.0378,0.0008,0.0368,0.0412
rango_5pct,ordenados,B+,7000,0.0438,0.0475,0.0115,0.0428,0.0894
rango_5pct,ordenados,B+,8000,0.0495,0.0496,0.0014,0.0474,0.0537
rango_5pct,ordenados,B+,9000,0.0569,0.0574,0.0029,0.0555,0.0716
rango_5pct,ordenados,B+,10000,0.0608,0.0611,0.0008,0.0599,0.0636
rango_5pct,ordenados,B+,11000,0.0706,0.0778,0.0196,0.0683,0.1390
rango_5pct,ordenados,B+,12000,0.0786,0.0787,0.0036,0.0732,0.0882
rango_5pct,ordenados,B+,13000,0.0820,0.0824,0.0020,0.0799,0.0891
rango_5pct,ordenados,B+,14000,0.0873,0.0895,0.0046,0.0847,0.1006
rango_5pct,ordenados,B+,15000,0.0949,0.0959,0.0065,0.0907,0.1262
rango_5pct,ordenados,B+,16000,0.0977,0.1016,0.0102,0.0951,0.1363
rango_5pct,ordenados,B+,17000,0.1053,0.1065,0.0029,0.1032,0.1159
rango_5pct,ordenados,B+,18000,0.1119,0.1131,0.0028,0.1103,0.1209
rango_5pct,ordenados,B+,19000,0.1160,0.1226,0.0219,0.1114,0.2038
rango_5pct,ordenados,B+,20000,0.1211,0.1248,0.0133,0.1183,0.1921
