experimento,titulo,orden,estructura,N=5000_median_ms,N=6000_median_ms,N=7000_median_ms,N=8000_median_ms,N=9000_median_ms,N=10000_median_ms,N=11000_median_ms,N=12000_median_ms,N=13000_median_ms,N=14000_median_ms,N=15000_median_ms,N=16000_median_ms,N=17000_median_ms,N=18000_median_ms,N=19000_median_ms,N=20000_median_ms,N=5000_stdev_ms,N=6000_stdev_ms,N=7000_stdev_ms,N=8000_stdev_ms,N=9000_stdev_ms,N=10000_stdev_ms,N=11000_stdev_ms,N=12000_stdev_ms,N=13000_stdev_ms,N=14000_stdev_ms,N=15000_stdev_ms,N=16000_stdev_ms,N=17000_stdev_ms,N=18000_stdev_ms,N=19000_stdev_ms,N=20000_stdev_ms,factor_20n/5n_medianas
busqueda_con_build,1000 busquedas aleatorias por id (incluyendo construccion),desordenados,Lista nativa,86.6761,132.5640,162.2337,188.6249,212.2689,238.2586,272.5221,279.9951,343.6676,359.9014,393.6849,407.9646,460.5409,472.8010,510.4013,532.5430,1.4634,5.6258,3.6330,3.5785,6.0909,3.9745,17.6587,4.4084,4.7048,15.0517,14.4228,15.4062,40.2563,45.6374,47.3738,186.2445,6.14
busqueda_con_build,1000 busquedas aleatorias por id (incluyendo construccion),desordenados,ABB,6.7618,9.2134,9.3189,10.9019,11.9888,13.5603,15.5964,17.8847,18.9676,22.0271,23.2082,25.2788,27.8707,28.4314,32.5254,31.4376,1.7188,2.8277,2.0403,2.5723,3.2879,3.0326,2.2469,4.0556,2.6303,3.6500,4.4037,4.5475,4.8697,5.6166,5.6581,4.6357,4.65
busqueda_con_build,1000 busquedas aleatorias por id (incluyendo construccion),desordenados,B+,7.9175,11.4368,11.4903,14.0609,14.9856,16.9391,18.9357,21.4514,24.7583,27.2355,29.4374,31.1734,32.8041,36.0084,39.0590,41.7348,0.2943,2.6867,1.8063,2.2535,2.3830,2.1307,3.1655,2.6707,3.3743,3.1849,3.8624,3.8802,4.0057,3.8037,5.8404,4.9639,5.27
busqueda_con_build,1000 busquedas aleatorias por id (incluyendo construccion),ordenados,Lista nativa,80.6645,93.4414,116.1131,129.0437,147.5683,167.7579,181.0738,201.5303,230.4284,258.0414,257.1319,293.7719,302.5200,330.8825,344.1613,378.6890,0.9314,2.0881,2.5775,1.8340,8.8695,11.2000,2.0938,3.2742,3.2986,5.3777,2.9674,18.7309,7.5197,25.5939,24.6380,5.9214,4.69
busqueda_con_build,1000 busquedas aleatorias por id (incluyendo construccion),ordenados,ABB,2016.8389,2828.3343,3850.7654,4911.8205,6115.6567,7601.0340,9069.3639,11612.0782,13676.1252,15319.4918,17619.1970,20370.9915,22893.0156,26014.3442,28001.2929,31858.7074,19.6804,36.2013,49.4180,91.0565,84.5388,161.7773,218.7669,445.3597,138.5948,314.0956,221.3359,149.4225,155.1643,198.6486,371.7247,231.2491,15.80
busqueda_con_build,1000 busquedas aleatorias por id (incluyendo construccion),ordenados,B+,9.6635,11.8430,13.8217,15.7019,18.2699,20.7769,23.6819,26.4847,28.8196,31.7627,34.2165,37.2417,39.4038,45.7810,44.5140,47.6957,2.3760,2.7680,2.5963,3.6555,3.8372,4.0594,4.4580,4.5188,4.5166,5.1691,5.6047,5.7713,5.9241,7.7467,5.6424,6.9703,4.94
busqueda_sin_build,1000 busquedas aleatorias por id (sin construccion),desordenados,Lista nativa,86.8755,131.4166,167.2379,192.4752,215.8035,241.8636,271.3578,282.4790,344.3743,368.4970,394.2077,407.6580,457.2246,473.4568,507.3487,534.3571,1.5159,3.2851,2.0145,2.8586,17.4617,14.7111,7.3126,12.2439,28.6841,32.3703,36.8331,32.3874,9.5998,19.4702,7.1360,33.0631,6.15
busqueda_sin_build,1000 busquedas aleatorias por id (sin construccion),desordenados,ABB,1.0326,1.0117,1.0366,1.1044,1.0712,1.1084,1.1626,1.1767,1.1334,1.2057,1.1857,1.1909,1.2365,1.2241,1.3565,1.1924,0.0789,0.0801,0.0641,0.1142,0.0642,0.0737,0.1002,0.2233,0.1458,0.1122,0.0895,0.1600,0.1412,0.1354,0.1076,0.2671,1.15
busqueda_sin_build,1000 busquedas aleatorias por id (sin construccion),desordenados,B+,0.7317,0.8392,0.7640,0.7801,0.7792,0.7670,0.7832,0.8009,0.8159,0.8322,0.8916,0.8808,0.8860,0.8979,0.9287,0.9145,0.1264,0.1817,0.1212,0.1367,0.1601,0.1878,0.1574,0.1382,0.1576,0.1557,0.2862,0.1748,0.1863,0.1940,0.2034,0.1995,1.25
busqueda_sin_build,1000 busquedas aleatorias por id (sin construccion),ordenados,Lista nativa,79.3824,93.1788,116.2977,128.2099,148.2866,166.6912,182.6928,201.2974,231.5125,256.9882,257.5142,292.7366,302.9789,331.6145,340.9553,382.9942,1.4278,2.8261,1.5871,5.9995,2.1638,5.9039,2.2882,11.1163,3.8976,6.4105,9.4819,3.9340,40.8362,25.2483,4.2064,30.2956,4.82
busqueda_sin_build,1000 busquedas aleatorias por id (sin construccion),ordenados,ABB,340.3483,365.5719,455.1511,505.1818,575.7628,662.3546,719.2954,788.4543,1023.6592,1142.7924,1071.0572,1256.1257,1306.8959,1410.5314,1513.5610,1696.9599,13.1486,11.7534,6.3400,61.9512,10.2027,21.6946,7.8961,21.6284,25.4004,53.5524,36.4452,51.1729,47.6072,136.9755,67.5746,72.6641,4.99
busqueda_sin_build,1000 busquedas aleatorias por id (sin construccion),ordenados,B+,0.7673,0.8084,0.8110,0.7982,0.9096,0.8859,0.9346,0.9423,0.9330,0.9683,0.9371,0.9617,1.0281,0.9573,1.0198,1.0103,0.0811,0.0975,0.1146,0.1250,0.1436,0.1666,0.2572,0.1743,0.1761,0.2239,0.2246,0.2559,0.2086,0.4347,0.3200,0.2649,1.32
listar_ordenado,Listado completo ordenado por id,desordenados,Lista nativa,0.6319,0.8696,1.0206,1.1927,1.3438,1.5578,1.7325,1.8893,2.2175,2.4920,2.6869,2.8570,3.0676,3.3184,3.5059,3.7922,0.0059,0.0155,0.0197,0.0244,0.0260,0.0274,0.0398,0.1488,0.0521,0.0682,0.1681,0.0671,0.0819,0.0658,0.1001,0.0847,6.00
listar_ordenado,Listado completo ordenado por id,desordenados,ABB,0.5120,0.7924,0.7033,0.8471,0.8879,0.9759,1.0845,1.2645,1.3732,1.5069,1.6025,1.7332,1.8833,1.9812,2.0760,2.2749,0.0216,0.2302,0.0157,0.1224,0.0317,0.0274,0.0377,0.0923,0.0490,0.0487,0.1058,0.0666,0.0648,0.0719,0.0818,0.1226,4.44
listar_ordenado,Listado completo ordenado por id,desordenados,B+,0.0969,0.1189,0.1344,0.1560,0.1742,0.1936,0.2182,0.2487,0.2700,0.2947,0.3163,0.3498,0.3722,0.4025,0.4218,0.4822,0.0065,0.0055,0.0064,0.0105,0.0068,0.0116,0.0239,0.0877,0.0253,0.0290,0.0223,0.0437,0.0310,0.0364,0.0314,0.0442,4.98
listar_ordenado,Listado completo ordenado por id,ordenados,Lista nativa,0.2500,0.3077,0.3764,0.4259,0.4787,0.5387,0.5989,0.6484,0.7526,0.8073,0.8731,0.9406,0.9810,1.0800,1.1442,1.1899,0.0435,0.0168,0.0898,0.0127,0.0224,0.0235,0.0593,0.0222,0.0279,0.0205,0.0357,0.0325,0.0294,0.0745,0.0430,0.0422,4.76
listar_ordenado,Listado completo ordenado por id,ordenados,ABB,0.9177,1.1173,1.3174,1.5066,1.7516,1.9218,2.1313,2.6406,2.9288,3.0540,3.4133,3.7229,3.9761,4.2430,4.5310,4.9202,0.0238,0.0250,0.0278,0.0398,0.0894,0.0612,0.0933,0.1312,0.1437,0.1241,0.2175,0.1341,0.1454,0.1287,0.2004,0.2298,5.36
listar_ordenado,Listado completo ordenado por id,ordenados,B+,0.1169,0.1469,0.1719,0.2023,0.2289,0.2531,0.3405,0.3220,0.3623,0.3956,0.4374,0.4614,0.5064,0.5841,0.5987,0.6092,0.0070,0.0101,0.0062,0.0111,0.0091,0.0156,0.0450,0.0321,0.0303,0.0301,0.0371,0.0326,0.0446,0.0717,0.0686,0.0783,5.21
rango_10pct,Busqueda por rango (10% de los ids),desordenados,Lista nativa,0.2281,0.3190,0.3756,0.4247,0.5106,0.5289,0.5996,0.6652,0.7669,0.8280,0.9077,0.9709,1.0276,1.1054,1.1703,1.5292,0.0037,0.0163,0.0105,0.0098,0.0246,0.0193,0.0218,0.0920,0.0313,0.0557,0.0490,0.0526,0.0651,0.0839,0.0610,1.0303,6.70
rango_10pct,Busqueda por rango (10% de los ids),desordenados,ABB,0.0775,0.1070,0.1083,0.1244,0.1389,0.1574,0.1755,0.1925,0.2104,0.2258,0.2393,0.2636,0.2822,0.2950,0.3093,0.3330,0.0010,0.0025,0.0027,0.0036,0.0034,0.0059,0.0093,0.0107,0.0059,0.0098,0.0126,0.0124,0.0116,0.0109,0.0067,0.0195,4.30
rango_10pct,Busqueda por rango (10% de los ids),desordenados,B+,0.0502,0.0577,0.0682,0.0792,0.0858,0.0933,0.1047,0.1229,0.1343,0.1373,0.1482,0.1618,0.1737,0.1868,0.1968,0.2083,0.0012,0.0019,0.0012,0.0027,0.0116,0.0088,0.0048,0.0091,0.0045,0.0083,0.0094,0.0082,0.0053,0.0088,0.0074,0.0113,4.15
rango_10pct,Busqueda por rango (10% de los ids),ordenados,Lista nativa,0.2049,0.2534,0.2946,0.3893,0.3776,0.4164,0.4883,0.4974,0.5798,0.6247,0.6567,0.7086,0.7773,0.8483,0.8880,0.9678,0.0053,0.0107,0.0339,0.4870,0.0074,0.0179,0.1070,0.0146,0.0363,0.0300,0.0207,0.0363,0.0373,0.0584,0.0544,0.0676,4.72
rango_10pct,Busqueda por rango (10% de los ids),ordenados,ABB,0.3479,0.4181,0.4944,0.5648,0.6143,0.7143,0.7647,0.9431,1.0033,1.0264,1.1685,1.2630,1.3148,1.3637,1.4929,1.5803,0.0055,0.0153,0.0111,0.0171,0.0187,0.0129,0.0137,0.0402,0.0581,0.0328,0.0607,0.0395,0.0447,0.0487,0.0443,0.0657,4.54
rango_10pct,Busqueda por rango (10% de los ids),ordenados,B+,0.0603,0.0749,0.0869,0.0966,0.1131,0.1225,0.1406,0.1451,0.1682,0.1833,0.1929,0.2023,0.2147,0.2391,0.2421,0.2500,0.0010,0.0028,0.0024,0.0068,0.0020,0.0042,0.0063,0.0109,0.0138,0.0069,0.0095,0.0066,0.0083,0.0124,0.0091,0.0095,4.15
rango_1pct,Busqueda por rango (1% de los ids),desordenados,Lista nativa,0.2163,0.3001,0.3601,0.4199,0.4774,0.5067,0.5763,0.6333,0.7389,0.7988,0.8446,0.9097,0.9649,1.0531,1.0982,1.1924,0.0144,0.0139,0.0164,0.0180,0.0160,0.0351,0.0299,0.0284,0.0376,0.0532,0.0329,0.0446,0.1188,0.0706,0.0817,0.0874,5.51
rango_1pct,Busqueda por rango (1% de los ids),desordenados,ABB,0.0084,0.0115,0.0113,0.0138,0.0159,0.0170,0.0193,0.0209,0.0219,0.0232,0.0256,0.0255,0.0288,0.0294,0.0308,0.0340,0.0002,0.0019,0.0002,0.0003,0.0004,0.0011,0.0008,0.0006,0.0006,0.0004,0.0012,0.0042,0.0012,0.0013,0.0032,0.0016,4.06
rango_1pct,Busqueda por rango (1% de los ids),desordenados,B+,0.0056,0.0067,0.0074,0.0085,0.0094,0.0104,0.0114,0.0131,0.0139,0.0142,0.0159,0.0158,0.0173,0.0184,0.0188,0.0206,0.0003,0.0007,0.0004,0.0004,0.0006,0.0021,0.0003,0.0007,0.0004,0.0006,0.0004,0.0005,0.0007,0.0018,0.0033,0.0009,3.70
rango_1pct,Busqueda por rango (1% de los ids),ordenados,Lista nativa,0.1988,0.2433,0.2913,0.3218,0.3730,0.4103,0.4526,0.4954,0.5587,0.6011,0.6477,0.7097,0.7705,0.8142,0.8272,0.9128,0.0043,0.0098,0.0137,0.0103,0.0325,0.0200,0.0088,0.0198,0.0292,0.0241,0.0237,0.0348,0.0562,0.0402,0.0286,0.0551,4.59
rango_1pct,Busqueda por rango (1% de los ids),ordenados,ABB,0.2187,0.2881,0.3088,0.3619,0.4055,0.4491,0.4899,0.5845,0.6300,0.6804,0.7173,0.7676,0.8392,0.9026,0.9206,0.9837,0.0069,0.0286,0.0051,0.0069,0.0097,0.0087,0.0117,0.0228,0.0293,0.0273,0.0271,0.0266,0.0210,0.0386,0.0345,0.0390,4.50
rango_1pct,Busqueda por rango (1% de los ids),ordenados,B+,0.0067,0.0081,0.0093,0.0104,0.0119,0.0129,0.0149,0.0157,0.0171,0.0183,0.0193,0.0203,0.0217,0.0233,0.0243,0.0256,0.0001,0.0006,0.0002,0.0002,0.0003,0.0003,0.0062,0.0013,0.0006,0.0004,0.0005,0.0012,0.0007,0.0009,0.0017,0.0008,3.84
rango_25pct,Busqueda por rango (25% de los ids),desordenados,Lista nativa,0.2422,0.3437,0.4006,0.4490,0.5066,0.5786,0.6350,0.6812,0.8026,0.8717,0.9302,1.0262,1.1193,1.1658,1.2635,1.4099,0.0056,0.0060,0.0254,0.0153,0.0464,0.0823,0.0300,0.0118,0.0154,0.0548,0.1128,0.0683,0.0689,0.1085,0.0705,0.2005,5.82
rango_25pct,Busqueda por rango (25% de los ids),desordenados,ABB,0.1958,0.2823,0.2789,0.3201,0.3576,0.4016,0.4430,0.5133,0.5582,0.5781,0.6174,0.6581,0.7218,0.7549,0.7857,0.8197,0.0101,0.0396,0.0068,0.0089,0.0077,0.0081,0.0195,0.0223,0.0225,0.0186,0.0151,0.0189,0.0218,0.0242,0.0181,0.0256,4.19
rango_25pct,Busqueda por rango (25% de los ids),desordenados,B+,0.1236,0.1457,0.1757,0.2025,0.2264,0.2486,0.2771,0.3069,0.3427,0.3579,0.3915,0.4159,0.4495,0.4746,0.5040,0.5270,0.0035,0.0059,0.0168,0.0044,0.0058,0.0042,0.0084,0.0121,0.0097,0.0127,0.0157,0.0151,0.0255,0.0188,0.0192,0.0176,4.26
rango_25pct,Busqueda por rango (25% de los ids),ordenados,Lista nativa,0.2149,0.2581,0.3187,0.3522,0.3899,0.4283,0.5219,0.5144,0.5983,0.6414,0.6743,0.7464,0.7911,0.8523,0.8832,0.9855,0.0054,0.0128,0.0145,0.0176,0.0117,0.0189,0.0339,0.0105,0.0456,0.0268,0.0263,0.0143,0.0226,0.0334,0.0375,0.0695,4.59
rango_25pct,Busqueda por rango (25% de los ids),ordenados,ABB,0.5433,0.6578,0.7895,0.8968,1.0097,1.1226,1.2402,1.5146,1.6277,1.7601,1.8622,2.2824,2.1386,2.2999,2.6645,2.6113,0.0134,0.0221,0.0123,0.0162,0.0293,0.0242,0.0353,0.0551,0.0481,0.0719,0.0967,0.2853,0.1011,0.0911,0.2755,0.3015,4.81
rango_25pct,Busqueda por rango (25% de los ids),ordenados,B+,0.1521,0.1838,0.2191,0.2494,0.2841,0.3069,0.3540,0.3725,0.4250,0.4425,0.4738,0.4961,0.5343,0.5755,0.5951,0.6363,0.0029,0.0060,0.0052,0.0043,0.0095,0.0124,0.0118,0.0129,0.0194,0.0200,0.0221,0.0165,0.0212,0.0281,0.0202,0.0187,4.18
rango_5pct,Busqueda por rango (5% de los ids),desordenados,Lista nativa,0.2231,0.3054,0.3659,0.4139,0.4843,0.5146,0.5827,0.6437,0.7468,0.8210,0.8539,0.9195,1.0099,1.0703,1.1637,1.2528,0.0032,0.0062,0.0085,0.0199,0.0181,0.0184,0.0197,0.1407,0.0334,0.0606,0.0286,0.0442,0.0811,0.0754,0.0785,0.2042,5.62
rango_5pct,Busqueda por rango (5% de los ids),desordenados,ABB,0.0394,0.0524,0.0547,0.0622,0.0698,0.0785,0.0887,0.0961,0.1028,0.1092,0.1223,0.1227,0.1370,0.1425,0.1588,0.1636,0.0005,0.0017,0.0008,0.0074,0.0015,0.0037,0.0048,0.0018,0.0030,0.0036,0.0066,0.0045,0.0070,0.0087,0.0082,0.0065,4.16
rango_5pct,Busqueda por rango (5% de los ids),desordenados,B+,0.0255,0.0293,0.0338,0.0397,0.0431,0.0492,0.0538,0.0604,0.0658,0.0693,0.0749,0.0775,0.0814,0.0879,0.0904,0.1007,0.0006,0.0028,0.0010,0.0012,0.0007,0.0011,0.0030,0.0015,0.0018,0.0031,0.0042,0.0065,0.0047,0.0045,0.0068,0.0034,3.95
rango_5pct,Busqueda por rango (5% de los ids),ordenados,Lista nativa,0.2028,0.2468,0.2946,0.3271,0.3715,0.4087,0.4930,0.4932,0.5532,0.6078,0.6466,0.7141,0.7521,0.8222,0.8478,0.9084,0.0055,0.0055,0.0158,0.0177,0.0077,0.0148,0.0957,0.0205,0.0312,0.0379,0.0340,0.0252,0.0337,0.0363,0.0359,0.0361,4.48
rango_5pct,Busqueda por rango (5% de los ids),ordenados,ABB,0.2772,0.3479,0.3898,0.4485,0.4957,0.5719,0.6195,0.7409,0.7858,0.8097,0.8719,0.9852,1.0351,1.1118,1.1157,1.2308,0.0045,0.0328,0.0126,0.0149,0.0142,0.0185,0.0170,0.0344,0.0239,0.0298,0.0183,0.0421,0.0365,0.0559,0.0445,0.0754,4.44
rango_5pct,Busqueda por rango (5% de los ids),ordenados,B+,0.0310,0.0377,0.0438,0.0495,0.0569,0.0608,0.0706,0.0786,0.0820,0.0873,0.0949,0.0977,0.1053,0.1119,0.1160,0.1211,0.0007,0.0008,0.0115,0.0014,0.0029,0.0008,0.0196,0.0036,0.0020,0.0046,0.0065,0.0102,0.0029,0.0028,0.0219,0.0133,3.90
